{"fl_round": 299, "device": "server", "acc_type": "test", "acc": 31.43, "_timestamp": 1703815880.2735162, "_runtime": 12505.377955198288, "_step": 2999, "_wandb": {"runtime": 12504}}