{"fl_round": 6, "device": "server", "acc_type": "test", "acc": 10.0, "_timestamp": 1703791687.2352486, "_runtime": 321.0016305446625, "_step": 69, "_wandb": {"runtime": 319}}