{"fl_round": 0, "device": "client_6", "acc_type": "test", "acc": 48.275862068965516, "_timestamp": 1703791262.5632334, "_runtime": 11.889674425125122, "_step": 19, "_wandb": {"runtime": 10}}