{"fl_round": 6, "device": "server", "acc_type": "test", "acc": 10.0, "_timestamp": 1703792120.3940296, "_runtime": 315.8467926979065, "_step": 69, "_wandb": {"runtime": 314}}