{"fl_round": 30, "device": "client_44", "acc_type": "test", "acc": 60.648148148148145, "_timestamp": 1703803288.2631803, "_runtime": 1345.4709432125092, "_step": 303, "_wandb": {"runtime": 1346}}