{"fl_round": 4, "device": "server", "acc_type": "test", "acc": 10.0, "_timestamp": 1703802165.7226236, "_runtime": 222.93038654327393, "_step": 49}